basis,cases_adea sect. 7(d) closure,cases_administrative closure,cases_cp failed to cooperate,cases_cp failed to respond to 30-day letter,cases_cp filed suit,cases_cp refused full relief,cases_cp withdrawal - no ben.,cases_case settled by legal unit,cases_closed due to court decision,cases_conciliation failure,cases_failure to locate charging party,cases_hearings discrimination finding,cases_nrts issued at cp request,cases_no cause finding issued,cases_no jurisdiction,cases_open charge closed by legal activity,cases_remand - failure to prosecute,cases_respondent bankruptcy,cases_settlement with benefits,cases_successful conciliation,cases_withdrawal with benefits,cases_adea sect. 7(d) closure_pct,cases_administrative closure_pct,cases_cp failed to cooperate_pct,cases_cp failed to respond to 30-day letter_pct,cases_cp filed suit_pct,cases_cp refused full relief_pct,cases_cp withdrawal - no ben._pct,cases_case settled by legal unit_pct,cases_closed due to court decision_pct,cases_conciliation failure_pct,cases_failure to locate charging party_pct,cases_hearings discrimination finding_pct,cases_nrts issued at cp request_pct,cases_no cause finding issued_pct,cases_no jurisdiction_pct,cases_open charge closed by legal activity_pct,cases_remand - failure to prosecute_pct,cases_respondent bankruptcy_pct,cases_settlement with benefits_pct,cases_successful conciliation_pct,cases_withdrawal with benefits_pct
Age,1062.0,1897.0,369.0,270.0,1833.0,16.0,6415.0,24.0,114.0,1422.0,18.0,21.0,17274.0,135974.0,4807.0,9.0,0.0,52.0,15984.0,1543.0,16248.0,0.005171607775916475,0.009237796563948733,0.0017969145662082668,0.0013148155362499513,0.00892613658498578,7.791499474073786e-05,0.031239043203864583,0.00011687249211110678,0.0005551443375277572,0.006924695157583077,8.765436908333009e-05,0.00010226343059721844,0.0841189761969691,0.6621508434298181,0.02340858623242043,4.382718454166504e-05,0.0,0.00025322373290739803,0.07783707974599711,0.007513927305309907,0.07912267715921929
Age (Non-Adea),0.0,1.0,0.0,0.0,0.0,0.0,0.0,0.0,0.0,0.0,0.0,0.0,11.0,2.0,0.0,0.0,0.0,0.0,0.0,0.0,0.0,0.0,0.07142857142857142,0.0,0.0,0.0,0.0,0.0,0.0,0.0,0.0,0.0,0.0,0.7857142857142857,0.14285714285714285,0.0,0.0,0.0,0.0,0.0,0.0,0.0
Alcoholism,0.0,14.0,8.0,2.0,16.0,0.0,68.0,0.0,0.0,17.0,0.0,0.0,185.0,1190.0,34.0,0.0,0.0,1.0,145.0,19.0,160.0,0.0,0.007530930607853685,0.004303388918773534,0.0010758472296933835,0.008606777837547068,0.0,0.03657880580957504,0.0,0.0,0.00914470145239376,0.0,0.0,0.09951586874663798,0.6401291016675632,0.01828940290478752,0.0,0.0,0.0005379236148466917,0.07799892415277031,0.010220548682087143,0.08606777837547068
Allergies,0.0,12.0,4.0,3.0,3.0,0.0,30.0,0.0,1.0,24.0,1.0,0.0,108.0,833.0,21.0,1.0,0.0,0.0,109.0,14.0,109.0,0.0,0.009426551453260016,0.003142183817753339,0.002356637863315004,0.002356637863315004,0.0,0.02356637863315004,0.0,0.0007855459544383347,0.018853102906520033,0.0007855459544383347,0.0,0.08483896307934014,0.6543597800471328,0.016496465043205028,0.0007855459544383347,0.0,0.0,0.08562450903377848,0.010997643362136685,0.08562450903377848
Alzheimers,0.0,0.0,0.0,0.0,0.0,0.0,0.0,0.0,0.0,0.0,0.0,0.0,4.0,35.0,2.0,0.0,0.0,0.0,3.0,0.0,5.0,0.0,0.0,0.0,0.0,0.0,0.0,0.0,0.0,0.0,0.0,0.0,0.0,0.08163265306122448,0.7142857142857143,0.04081632653061224,0.0,0.0,0.0,0.061224489795918366,0.0,0.10204081632653061
Ancestry,0.0,0.0,0.0,0.0,0.0,0.0,0.0,0.0,0.0,0.0,0.0,0.0,3.0,1.0,0.0,0.0,0.0,0.0,0.0,0.0,0.0,0.0,0.0,0.0,0.0,0.0,0.0,0.0,0.0,0.0,0.0,0.0,0.0,0.75,0.25,0.0,0.0,0.0,0.0,0.0,0.0,0.0
Asthma,0.0,33.0,12.0,0.0,10.0,1.0,79.0,0.0,4.0,53.0,0.0,0.0,256.0,2066.0,61.0,0.0,0.0,0.0,372.0,36.0,274.0,0.0,0.01013202333435677,0.00368437212158428,0.0,0.003070310101320233,0.00030703101013202335,0.024255449800429842,0.0,0.0012281240405280934,0.016272643536997238,0.0,0.0,0.07859993859379798,0.6343260669327602,0.018728891618053422,0.0,0.0,0.0,0.11421553576911268,0.01105311636475284,0.0841264967761744
Autism,0.0,7.0,3.0,0.0,0.0,0.0,24.0,0.0,0.0,4.0,0.0,0.0,32.0,429.0,23.0,1.0,0.0,1.0,72.0,7.0,61.0,0.0,0.010542168674698794,0.004518072289156626,0.0,0.0,0.0,0.03614457831325301,0.0,0.0,0.006024096385542169,0.0,0.0,0.04819277108433735,0.6460843373493976,0.03463855421686747,0.0015060240963855422,0.0,0.0015060240963855422,0.10843373493975904,0.010542168674698794,0.09186746987951808
Blood (Other),0.0,15.0,3.0,1.0,5.0,0.0,41.0,0.0,0.0,39.0,2.0,0.0,199.0,1472.0,52.0,0.0,0.0,0.0,276.0,27.0,193.0,0.0,0.0064516129032258064,0.0012903225806451613,0.00043010752688172043,0.002150537634408602,0.0,0.01763440860215054,0.0,0.0,0.016774193548387096,0.0008602150537634409,0.0,0.08559139784946236,0.6331182795698925,0.022365591397849462,0.0,0.0,0.0,0.11870967741935484,0.011612903225806452,0.08301075268817204
Brain/Head Impairment,0.0,1.0,0.0,0.0,0.0,0.0,1.0,0.0,0.0,0.0,0.0,0.0,1.0,10.0,1.0,0.0,0.0,0.0,1.0,0.0,2.0,0.0,0.058823529411764705,0.0,0.0,0.0,0.0,0.058823529411764705,0.0,0.0,0.0,0.0,0.0,0.058823529411764705,0.5882352941176471,0.058823529411764705,0.0,0.0,0.0,0.058823529411764705,0.0,0.11764705882352941
Brain/Head Injury (Traumatic),0.0,21.0,4.0,1.0,18.0,0.0,71.0,0.0,3.0,33.0,0.0,0.0,241.0,1755.0,77.0,0.0,0.0,0.0,263.0,15.0,268.0,0.0,0.007581227436823105,0.001444043321299639,0.00036101083032490973,0.006498194945848376,0.0,0.025631768953068592,0.0,0.0010830324909747292,0.011913357400722021,0.0,0.0,0.08700361010830325,0.6335740072202166,0.02779783393501805,0.0,0.0,0.0,0.09494584837545127,0.005415162454873646,0.09675090252707581
Cancer,0.0,97.0,19.0,7.0,103.0,2.0,235.0,1.0,12.0,157.0,1.0,2.0,1029.0,4385.0,193.0,0.0,0.0,1.0,976.0,126.0,971.0,0.0,0.011662859204039918,0.002284477576049056,0.0008416496332812313,0.012384273175423831,0.0002404713237946375,0.028255380545869905,0.00012023566189731875,0.001442827942767825,0.018876998917879043,0.00012023566189731875,0.0002404713237946375,0.12372249609234098,0.5272333774197427,0.023205482746182518,0.0,0.0,0.00012023566189731875,0.1173500060117831,0.015149693399062162,0.1167488277022965
Cerebral Palsy,0.0,2.0,3.0,0.0,3.0,0.0,20.0,0.0,0.0,14.0,0.0,0.0,55.0,429.0,12.0,0.0,0.0,0.0,91.0,11.0,61.0,0.0,0.0028530670470756064,0.0042796005706134095,0.0,0.0042796005706134095,0.0,0.028530670470756064,0.0,0.0,0.019971469329529243,0.0,0.0,0.07845934379457917,0.6119828815977175,0.017118402282453638,0.0,0.0,0.0,0.12981455064194009,0.015691868758915834,0.08701854493580599
Chemical Sensitivity,0.0,5.0,0.0,0.0,6.0,0.0,9.0,0.0,0.0,7.0,1.0,0.0,39.0,346.0,8.0,1.0,0.0,0.0,46.0,2.0,49.0,0.0,0.009633911368015413,0.0,0.0,0.011560693641618497,0.0,0.017341040462427744,0.0,0.0,0.01348747591522158,0.0019267822736030828,0.0,0.07514450867052024,0.6666666666666666,0.015414258188824663,0.0019267822736030828,0.0,0.0,0.08863198458574181,0.0038535645472061657,0.09441233140655106
Color,0.0,405.0,105.0,34.0,370.0,0.0,769.0,0.0,68.0,221.0,8.0,1.0,3143.0,19370.0,893.0,0.0,0.0,11.0,1722.0,124.0,3026.0,0.0,0.013379583746283449,0.003468780971258672,0.001123224314502808,0.012223323422530559,0.0,0.02540469111331351,0.0,0.002246448629005616,0.007300958044268252,0.00026428807400066074,3.303600925008259e-05,0.10383217707300958,0.6399074991740997,0.029501156260323753,0.0,0.0,0.00036339610175090847,0.05688800792864222,0.004096465147010241,0.09996696399074992
Conviction Record,0.0,0.0,0.0,0.0,0.0,0.0,0.0,0.0,0.0,0.0,0.0,0.0,1.0,0.0,0.0,0.0,0.0,0.0,0.0,0.0,0.0,0.0,0.0,0.0,0.0,0.0,0.0,0.0,0.0,0.0,0.0,0.0,0.0,1.0,0.0,0.0,0.0,0.0,0.0,0.0,0.0,0.0
Cumulative Trauma Disorder,0.0,4.0,2.0,1.0,1.0,0.0,3.0,0.0,0.0,5.0,0.0,0.0,25.0,204.0,9.0,0.0,0.0,0.0,35.0,2.0,40.0,0.0,0.012084592145015106,0.006042296072507553,0.0030211480362537764,0.0030211480362537764,0.0,0.00906344410876133,0.0,0.0,0.015105740181268883,0.0,0.0,0.0755287009063444,0.6163141993957704,0.027190332326283987,0.0,0.0,0.0,0.10574018126888217,0.006042296072507553,0.12084592145015106
Cystic Fibrosis,0.0,1.0,0.0,0.0,2.0,0.0,2.0,0.0,0.0,2.0,0.0,0.0,9.0,44.0,2.0,0.0,0.0,0.0,13.0,0.0,10.0,0.0,0.011764705882352941,0.0,0.0,0.023529411764705882,0.0,0.023529411764705882,0.0,0.0,0.023529411764705882,0.0,0.0,0.10588235294117647,0.5176470588235295,0.023529411764705882,0.0,0.0,0.0,0.15294117647058825,0.0,0.11764705882352941
Depression,0.0,122.0,51.0,35.0,74.0,1.0,509.0,0.0,14.0,173.0,5.0,0.0,1512.0,10453.0,348.0,1.0,0.0,4.0,1545.0,131.0,1566.0,0.0,0.007374274661508704,0.0030826885880077368,0.0021155705996131527,0.004472920696324952,6.044487427466151e-05,0.030766441005802708,0.0,0.0008462282398452611,0.01045696324951644,0.00030222437137330757,0.0,0.0913926499032882,0.6318302707930368,0.021034816247582206,6.044487427466151e-05,0.0,0.00024177949709864604,0.09338733075435203,0.007918278529980657,0.09465667311411992
Diabetes,0.0,71.0,30.0,19.0,52.0,0.0,284.0,1.0,6.0,137.0,3.0,3.0,877.0,7083.0,229.0,0.0,0.0,0.0,1205.0,143.0,904.0,0.0,0.006427084276274101,0.0027156694125101835,0.0017199239612564498,0.004707160315017652,0.0,0.025708337105096405,9.052231375033946e-05,0.0005431338825020367,0.012401556983796505,0.00027156694125101837,0.00027156694125101837,0.07938806915904771,0.6411695482936544,0.020729609848827737,0.0,0.0,0.0,0.10907938806915905,0.012944690866298543,0.08183217163030687
Disfigurement,0.0,4.0,2.0,0.0,1.0,0.0,8.0,0.0,0.0,12.0,1.0,0.0,28.0,221.0,34.0,0.0,0.0,0.0,40.0,4.0,24.0,0.0,0.010554089709762533,0.005277044854881266,0.0,0.002638522427440633,0.0,0.021108179419525065,0.0,0.0,0.0316622691292876,0.002638522427440633,0.0,0.07387862796833773,0.58311345646438,0.08970976253298153,0.0,0.0,0.0,0.10554089709762533,0.010554089709762533,0.0633245382585752
Drug Addiction,0.0,10.0,9.0,5.0,8.0,0.0,36.0,0.0,0.0,30.0,0.0,0.0,78.0,781.0,38.0,0.0,0.0,0.0,103.0,24.0,101.0,0.0,0.008176614881439084,0.007358953393295176,0.004088307440719542,0.006541291905151268,0.0,0.029435813573180702,0.0,0.0,0.024529844644317254,0.0,0.0,0.06377759607522486,0.6385936222403925,0.03107113654946852,0.0,0.0,0.0,0.08421913327882256,0.019623875715453803,0.08258381030253475
Dwarfism,0.0,1.0,1.0,0.0,0.0,0.0,1.0,0.0,0.0,1.0,0.0,0.0,9.0,39.0,2.0,0.0,0.0,0.0,5.0,2.0,13.0,0.0,0.013513513513513514,0.013513513513513514,0.0,0.0,0.0,0.013513513513513514,0.0,0.0,0.013513513513513514,0.0,0.0,0.12162162162162163,0.527027027027027,0.02702702702702703,0.0,0.0,0.0,0.06756756756756757,0.02702702702702703,0.17567567567567569
Epilepsy,0.0,31.0,16.0,2.0,17.0,0.0,96.0,0.0,2.0,56.0,1.0,0.0,235.0,1945.0,67.0,0.0,0.0,1.0,389.0,41.0,304.0,0.0,0.00967842647517952,0.004995316890415236,0.0006244146113019045,0.005307524196066188,0.0,0.029971901342491416,0.0,0.0006244146113019045,0.017483609116453323,0.00031220730565095225,0.0,0.07336871682797377,0.6072432094911021,0.0209178894786138,0.0,0.0,0.00031220730565095225,0.12144864189822042,0.012800499531689042,0.09491102091788949
Equal Pay-Female,0.0,57.0,2.0,0.0,25.0,0.0,113.0,0.0,1.0,150.0,0.0,0.0,738.0,3732.0,87.0,0.0,0.0,3.0,586.0,101.0,462.0,0.0,0.009410599306587419,0.0003301964668978042,0.0,0.0041274558362225525,0.0,0.018656100379725937,0.0,0.0001650982334489021,0.024764735017335313,0.0,0.0,0.12184249628528974,0.6161466072313027,0.014363546310054482,0.0,0.0,0.0004952947003467063,0.09674756480105663,0.01667492157833911,0.07627538385339278
Equal Pay-Male,0.0,9.0,0.0,1.0,2.0,0.0,17.0,0.0,0.0,10.0,0.0,0.0,52.0,480.0,159.0,0.0,0.0,0.0,54.0,11.0,32.0,0.0,0.010882708585247884,0.0,0.0012091898428053204,0.0024183796856106408,0.0,0.020556227327690448,0.0,0.0,0.012091898428053204,0.0,0.0,0.06287787182587666,0.5804111245465539,0.19226118500604594,0.0,0.0,0.0,0.06529625151148731,0.013301088270858524,0.03869407496977025
Gastrointestinal,0.0,22.0,8.0,2.0,14.0,1.0,83.0,0.0,1.0,41.0,2.0,0.0,350.0,2003.0,58.0,1.0,0.0,2.0,366.0,29.0,296.0,0.0,0.006709362610551998,0.002439768222018908,0.000609942055504727,0.004269594388533089,0.0003049710277523635,0.02531259530344617,0.0,0.0003049710277523635,0.012503812137846905,0.000609942055504727,0.0,0.10673985971332724,0.6108569685879841,0.017688319609637085,0.0003049710277523635,0.0,0.000609942055504727,0.11161939615736505,0.008844159804818542,0.09027142421469961
Genetic Discrimination,0.0,7.0,2.0,0.0,2.0,0.0,12.0,0.0,0.0,9.0,0.0,0.0,30.0,229.0,48.0,0.0,0.0,0.0,23.0,8.0,24.0,0.0,0.017766497461928935,0.005076142131979695,0.0,0.005076142131979695,0.0,0.030456852791878174,0.0,0.0,0.02284263959390863,0.0,0.0,0.07614213197969544,0.5812182741116751,0.1218274111675127,0.0,0.0,0.0,0.0583756345177665,0.02030456852791878,0.06091370558375635
Genetic Information Discrimination,0.0,10.0,5.0,0.0,2.0,0.0,39.0,0.0,0.0,57.0,0.0,0.0,104.0,900.0,183.0,0.0,0.0,0.0,114.0,44.0,72.0,0.0,0.006535947712418301,0.0032679738562091504,0.0,0.00130718954248366,0.0,0.025490196078431372,0.0,0.0,0.03725490196078431,0.0,0.0,0.06797385620915032,0.5882352941176471,0.11960784313725491,0.0,0.0,0.0,0.07450980392156863,0.02875816993464052,0.047058823529411764
Genetic Testing,0.0,0.0,0.0,0.0,0.0,0.0,6.0,0.0,0.0,1.0,0.0,0.0,5.0,61.0,6.0,0.0,0.0,0.0,6.0,3.0,6.0,0.0,0.0,0.0,0.0,0.0,0.0,0.06382978723404255,0.0,0.0,0.010638297872340425,0.0,0.0,0.05319148936170213,0.648936170212766,0.06382978723404255,0.0,0.0,0.0,0.06382978723404255,0.031914893617021274,0.06382978723404255
HIV,0.0,23.0,5.0,2.0,9.0,0.0,33.0,0.0,0.0,44.0,1.0,1.0,187.0,1048.0,56.0,1.0,0.0,1.0,189.0,33.0,167.0,0.0,0.012777777777777779,0.002777777777777778,0.0011111111111111111,0.005,0.0,0.018333333333333333,0.0,0.0,0.024444444444444446,0.0005555555555555556,0.0005555555555555556,0.10388888888888889,0.5822222222222222,0.03111111111111111,0.0005555555555555556,0.0,0.0005555555555555556,0.105,0.018333333333333333,0.09277777777777778
Handicap (Not ADA),0.0,9.0,3.0,1.0,1.0,0.0,21.0,0.0,0.0,5.0,1.0,0.0,97.0,809.0,82.0,0.0,0.0,0.0,71.0,8.0,119.0,0.0,0.007334963325183374,0.0024449877750611247,0.0008149959250203749,0.0008149959250203749,0.0,0.017114914425427872,0.0,0.0,0.004074979625101874,0.0008149959250203749,0.0,0.07905460472697637,0.6593317033414833,0.06682966585167074,0.0,0.0,0.0,0.05786471067644662,0.006519967400162999,0.09698451507742462
Hearing Impairment,0.0,70.0,15.0,6.0,26.0,4.0,257.0,0.0,5.0,124.0,2.0,0.0,487.0,4343.0,176.0,0.0,0.0,2.0,856.0,94.0,580.0,0.0,0.00993330495246204,0.0021285653469561515,0.0008514261387824606,0.0036895132680573295,0.0005676174258549738,0.036469419611182066,0.0,0.0007095217823187171,0.017596140201504185,0.0002838087129274869,0.0,0.06910742159784306,0.6162906201220377,0.024975166737618845,0.0,0.0,0.0002838087129274869,0.12147012913296439,0.013339009507591882,0.0823045267489712
Heart/Cardiovascular,0.0,72.0,21.0,14.0,69.0,0.0,229.0,2.0,6.0,125.0,2.0,0.0,840.0,5133.0,198.0,1.0,0.0,1.0,946.0,103.0,829.0,0.0,0.008380863694564079,0.0024444185775811898,0.0016296123850541265,0.00803166104062391,0.0,0.02665580258409964,0.00023280176929344664,0.0006984053078803399,0.014550110580840414,0.00023280176929344664,0.0,0.09777674310324759,0.5974857408916308,0.023047375160051217,0.00011640088464672332,0.0,0.00011640088464672332,0.11011523687580026,0.011989291118612501,0.09649633337213363
Intellectual Disability,0.0,16.0,5.0,3.0,4.0,0.0,56.0,0.0,1.0,21.0,2.0,0.0,113.0,1150.0,49.0,0.0,0.0,0.0,210.0,16.0,126.0,0.0,0.009029345372460496,0.0028216704288939053,0.001693002257336343,0.002257336343115124,0.0,0.03160270880361174,0.0,0.000564334085778781,0.011851015801354402,0.001128668171557562,0.0,0.06376975169300225,0.6489841986455982,0.027652370203160272,0.0,0.0,0.0,0.11851015801354402,0.009029345372460496,0.07110609480812641
Kidney Impairment,0.0,19.0,12.0,0.0,9.0,1.0,43.0,0.0,0.0,27.0,0.0,0.0,183.0,1114.0,42.0,0.0,0.0,1.0,224.0,29.0,168.0,0.0,0.01014957264957265,0.00641025641025641,0.0,0.004807692307692308,0.0005341880341880342,0.022970085470085472,0.0,0.0,0.014423076923076924,0.0,0.0,0.09775641025641026,0.5950854700854701,0.022435897435897436,0.0,0.0,0.0005341880341880342,0.11965811965811966,0.015491452991452992,0.08974358974358974
Learning Disability,0.0,31.0,15.0,13.0,7.0,1.0,135.0,0.0,2.0,45.0,1.0,0.0,194.0,2869.0,96.0,1.0,0.0,1.0,444.0,33.0,396.0,0.0,0.007236227824463119,0.0035014005602240898,0.003034547152194211,0.0016339869281045752,0.00023342670401493932,0.031512605042016806,0.0,0.00046685340802987864,0.01050420168067227,0.00023342670401493932,0.0,0.045284780578898225,0.6697012138188608,0.022408963585434174,0.00023342670401493932,0.0,0.00023342670401493932,0.10364145658263306,0.007703081232492998,0.09243697478991597
Manic Depression (Bi-polar),0.0,50.0,28.0,19.0,20.0,0.0,243.0,0.0,4.0,68.0,7.0,1.0,413.0,4889.0,201.0,1.0,0.0,2.0,728.0,61.0,639.0,0.0,0.0067805804176837535,0.003797125033902902,0.0025766205587198264,0.0027122321670735015,0.0,0.03295362082994304,0.0,0.0005424464334147003,0.009221589368049905,0.0009492812584757255,0.00013561160835367508,0.05600759425006781,0.6630051532411174,0.02725793327908869,0.00013561160835367508,0.0,0.00027122321670735016,0.09872525088147545,0.00827230810957418,0.08665581773799837
Marital Status,0.0,0.0,0.0,0.0,0.0,0.0,0.0,0.0,0.0,0.0,0.0,0.0,1.0,0.0,0.0,0.0,0.0,0.0,0.0,0.0,0.0,0.0,0.0,0.0,0.0,0.0,0.0,0.0,0.0,0.0,0.0,0.0,0.0,1.0,0.0,0.0,0.0,0.0,0.0,0.0,0.0,0.0
Missing Digits/Limbs,0.0,14.0,6.0,4.0,18.0,0.0,62.0,0.0,0.0,21.0,1.0,4.0,143.0,1320.0,49.0,0.0,0.0,0.0,307.0,13.0,174.0,0.0,0.006554307116104869,0.0028089887640449437,0.0018726591760299626,0.008426966292134831,0.0,0.02902621722846442,0.0,0.0,0.009831460674157303,0.00046816479400749064,0.0018726591760299626,0.06694756554307116,0.6179775280898876,0.02294007490636704,0.0,0.0,0.0,0.14372659176029962,0.006086142322097378,0.08146067415730338
Multiple Sclerosis,0.0,20.0,9.0,1.0,15.0,0.0,73.0,0.0,0.0,37.0,1.0,0.0,291.0,1553.0,51.0,1.0,0.0,0.0,298.0,40.0,263.0,0.0,0.007538635506973238,0.003392385978137957,0.0003769317753486619,0.005653976630229929,0.0,0.02751601960045232,0.0,0.0,0.01394647568790049,0.0003769317753486619,0.0,0.1096871466264606,0.5853750471164719,0.019223520542781758,0.0003769317753486619,0.0,0.0,0.11232566905390125,0.015077271013946476,0.09913305691669808
"National Origin-Arab, Afghani or Middle-Eastern",0.0,70.0,15.0,10.0,48.0,0.0,149.0,1.0,4.0,61.0,4.0,1.0,592.0,3363.0,221.0,0.0,0.0,0.0,384.0,30.0,398.0,0.0,0.013081666978134928,0.0028032143524574847,0.0018688095683049898,0.00897028592786395,0.0,0.027845262567744347,0.00018688095683049897,0.0007475238273219959,0.011399738366660438,0.0007475238273219959,0.00018688095683049897,0.11063352644365539,0.6284806578209681,0.041300691459540274,0.0,0.0,0.0,0.0717622874229116,0.005606428704914969,0.07437862081853859
National Origin-East Indian,0.0,33.0,5.0,0.0,13.0,0.0,83.0,0.0,2.0,18.0,1.0,0.0,259.0,1540.0,66.0,0.0,0.0,0.0,149.0,13.0,163.0,0.0,0.014072494669509595,0.0021321961620469083,0.0,0.005543710021321962,0.0,0.03539445628997868,0.0,0.0008528784648187633,0.00767590618336887,0.00042643923240938164,0.0,0.11044776119402985,0.6567164179104478,0.02814498933901919,0.0,0.0,0.0,0.06353944562899787,0.005543710021321962,0.06950959488272922
National Origin-Hispanic,0.0,305.0,153.0,74.0,271.0,5.0,916.0,12.0,15.0,275.0,14.0,6.0,2423.0,24255.0,786.0,0.0,0.0,17.0,3018.0,261.0,2729.0,0.0,0.008583087097228085,0.004305614183199662,0.002082453918671732,0.007626283945405938,0.0001407063458561981,0.025777402560855495,0.0003376952300548755,0.00042211903756859433,0.007738849022090897,0.0003939777683973547,0.00016884761502743774,0.0681862952019136,0.6825664837484171,0.022119037568594343,0.0,0.0,0.0004784015759110736,0.08493035035880118,0.007344871253693541,0.07679752356831293
National Origin-Mexican,0.0,119.0,75.0,118.0,43.0,0.0,393.0,0.0,1.0,118.0,11.0,4.0,773.0,9270.0,327.0,0.0,0.0,9.0,1179.0,132.0,1046.0,0.0,0.008738434425025702,0.0055074166544279626,0.008665002202966662,0.003157585548538699,0.0,0.028858863269202527,0.0,7.34322220590395e-05,0.008665002202966662,0.0008077544426494346,0.000293728888236158,0.056763107651637536,0.6807166984872962,0.02401233661330592,0.0,0.0,0.0006608899985313556,0.08657658980760757,0.009693053311793215,0.07681010427375533
National Origin-Other,0.0,585.0,154.0,66.0,449.0,3.0,1378.0,10.0,24.0,481.0,26.0,13.0,3661.0,33059.0,1641.0,0.0,0.0,28.0,3428.0,263.0,3349.0,0.0,0.012032580525731211,0.003167551112756592,0.001357521905467111,0.009235262659920194,6.170554115759595e-05,0.02834341190505574,0.0002056851371919865,0.0004936443292607676,0.00989345509893455,0.0005347813566991649,0.00026739067834958245,0.07530132872598626,0.6799744950429882,0.033752931013204986,0.0,0.0,0.0005759183841375622,0.07050886502941298,0.005409519108149245,0.06888395244559628
Nonparalytic Orthopedic Impairment,0.0,164.0,66.0,17.0,52.0,1.0,487.0,0.0,4.0,230.0,0.0,2.0,1735.0,12779.0,505.0,1.0,0.0,7.0,2093.0,243.0,1653.0,0.0,0.008184041119816358,0.003293577523828534,0.0008483457258346225,0.002594939867258845,4.9902689754977795e-05,0.024302609910674185,0.0,0.00019961075901991118,0.011477618643644893,0.0,9.980537950995559e-05,0.08658116672488647,0.6377064723788612,0.025200858326263786,4.9902689754977795e-05,0.0,0.00034931882828484457,0.10444632965716852,0.012126353610459604,0.0824891461649783
Orthopedic/Structural Back Impairment,0.0,197.0,49.0,44.0,98.0,0.0,598.0,0.0,11.0,278.0,2.0,5.0,1790.0,13580.0,529.0,0.0,0.0,6.0,2248.0,204.0,1995.0,0.0,0.009106036793935473,0.0022649533142276045,0.0020338356291023387,0.004529906628455209,0.0,0.027641675140981786,0.0,0.0005084589072755847,0.012850143292964777,9.244707405010632e-05,0.0002311176851252658,0.08274013127484516,0.6277156328002219,0.02445225108625312,0.0,0.0,0.00027734122215031893,0.1039105112323195,0.009429601553110845,0.09221595636498105
Other,0.0,290.0,108.0,96.0,694.0,1.0,780.0,18.0,26.0,224.0,8.0,3.0,1803.0,10044.0,1122.0,0.0,0.0,2.0,1769.0,686.0,2066.0,0.0,0.014690982776089158,0.00547112462006079,0.004863221884498481,0.035157041540020265,5.0658561296859166e-05,0.03951367781155015,0.000911854103343465,0.0013171225937183384,0.011347517730496455,0.0004052684903748733,0.00015197568389057752,0.09133738601823709,0.5088145896656535,0.056838905775075985,0.0,0.0,0.00010131712259371833,0.08961499493414388,0.03475177304964539,0.10466058763931105
Other Anxiety Disorder,0.0,119.0,55.0,13.0,68.0,2.0,464.0,1.0,15.0,148.0,5.0,1.0,1376.0,10037.0,319.0,0.0,0.0,1.0,1466.0,120.0,1447.0,0.0,0.00760043431053203,0.003512805773775308,0.0008302995465287092,0.004343105320304018,0.00012773839177364756,0.029635306891486236,6.386919588682378e-05,0.0009580379383023567,0.00945264099124992,0.00031934597943411895,6.386919588682378e-05,0.08788401354026953,0.6410551191160503,0.020374273487896787,0.0,0.0,6.386919588682378e-05,0.09363224117008367,0.007664303506418854,0.09241872644823401
Other Disability,0.0,1246.0,331.0,282.0,1273.0,5.0,2985.0,24.0,67.0,833.0,49.0,24.0,8576.0,56766.0,2276.0,4.0,0.0,19.0,8724.0,1331.0,9534.0,0.0,0.013206287295042873,0.0035082512798227856,0.002988902903051437,0.01349245884959035,5.299473232360703e-05,0.0316378551971934,0.00025437471515331377,0.0007101294131363343,0.008828922405112932,0.0005193483767713489,0.00025437471515331377,0.09089656488145079,0.6016597950163753,0.024123202153705923,4.2395785858885626e-05,0.0,0.00020137998282970674,0.09246520895822956,0.014107197744544192,0.10105035559465389
Other Neurological,0.0,65.0,13.0,17.0,20.0,1.0,206.0,0.0,2.0,109.0,3.0,2.0,693.0,4966.0,153.0,2.0,0.0,0.0,906.0,89.0,777.0,0.0,0.008100697906281156,0.0016201395812562313,0.00211864406779661,0.0024925224327018943,0.0001246261216350947,0.02567298105682951,0.0,0.0002492522432701894,0.013584247258225324,0.00037387836490528417,0.0002492522432701894,0.08636590229312063,0.6188933200398804,0.019067796610169493,0.0002492522432701894,0.0,0.0,0.11291126620139581,0.01109172482552343,0.09683449651046859
Other Psychiatric Disorders,0.0,60.0,30.0,12.0,51.0,0.0,213.0,1.0,6.0,46.0,3.0,4.0,367.0,3419.0,152.0,2.0,1.0,0.0,492.0,29.0,513.0,0.0,0.011109053878911312,0.005554526939455656,0.0022218107757822625,0.009442695797074616,0.0,0.03943714127013516,0.00018515089798185522,0.0011109053878911312,0.00851694130716534,0.0005554526939455656,0.0007406035919274209,0.06795037955934086,0.633030920199963,0.028142936493241993,0.00037030179596371043,0.00018515089798185522,0.0,0.09109424180707276,0.005369376041473801,0.09498241066469172
Other Pulmo/Respiratory,1.0,20.0,6.0,4.0,10.0,0.0,69.0,0.0,1.0,42.0,0.0,0.0,217.0,1640.0,51.0,0.0,0.0,0.0,265.0,28.0,254.0,0.0003834355828220859,0.007668711656441718,0.0023006134969325155,0.0015337423312883436,0.003834355828220859,0.0,0.026457055214723926,0.0,0.0003834355828220859,0.016104294478527608,0.0,0.0,0.08320552147239264,0.6288343558282209,0.019555214723926382,0.0,0.0,0.0,0.10161042944785276,0.010736196319018405,0.09739263803680982
Paralysis,0.0,10.0,1.0,0.0,11.0,0.0,26.0,0.0,0.0,11.0,1.0,0.0,70.0,513.0,25.0,0.0,0.0,0.0,84.0,9.0,71.0,0.0,0.01201923076923077,0.001201923076923077,0.0,0.013221153846153846,0.0,0.03125,0.0,0.0,0.013221153846153846,0.001201923076923077,0.0,0.08413461538461539,0.6165865384615384,0.030048076923076924,0.0,0.0,0.0,0.10096153846153846,0.010817307692307692,0.08533653846153846
Post-Traumatic Stress Disorder,0.0,65.0,24.0,5.0,26.0,0.0,148.0,0.0,3.0,73.0,0.0,0.0,564.0,4629.0,139.0,0.0,0.0,2.0,611.0,56.0,510.0,0.0,0.009482129832239242,0.00350109409190372,0.0007293946024799417,0.0037928519328956968,0.0,0.02159008023340627,0.0,0.000437636761487965,0.010649161196207148,0.0,0.0,0.08227571115973742,0.67527352297593,0.020277169948942377,0.0,0.0,0.00029175784099197665,0.08913202042304887,0.008169219547775346,0.07439824945295405
Race-American Indian/Alaska Native,0.0,40.0,12.0,4.0,10.0,0.0,77.0,1.0,0.0,22.0,0.0,1.0,262.0,2976.0,149.0,0.0,0.0,1.0,318.0,32.0,201.0,0.0,0.00974184120798831,0.0029225523623964927,0.000974184120798831,0.0024354603019970775,0.0,0.018753044325377496,0.00024354603019970775,0.0,0.00535801266439357,0.0,0.00024354603019970775,0.06380905991232343,0.7247929858743303,0.03628835849975645,0.0,0.0,0.00024354603019970775,0.07744763760350706,0.007793472966390648,0.048952752070141256
Race-Asian,0.0,137.0,16.0,8.0,61.0,0.0,360.0,0.0,7.0,76.0,1.0,1.0,1002.0,7002.0,462.0,0.0,0.0,8.0,681.0,36.0,661.0,0.0,0.01302405171594258,0.0015210571347086224,0.0007605285673543112,0.005799030326076623,0.0,0.034223785530944004,0.0,0.0006654624964350223,0.007225021389865957,9.50660709192889e-05,9.50660709192889e-05,0.09525620306112749,0.6656526285768609,0.04392052476471148,0.0,0.0,0.0007605285673543112,0.06473999429603575,0.003422378553094401,0.06283867287764996
Race-Asian/Pacific Islander - Obsolete,0.0,15.0,0.0,6.0,20.0,0.0,20.0,1.0,0.0,0.0,0.0,0.0,29.0,354.0,12.0,0.0,0.0,0.0,30.0,1.0,39.0,0.0,0.028462998102466792,0.0,0.011385199240986717,0.03795066413662239,0.0,0.03795066413662239,0.0018975332068311196,0.0,0.0,0.0,0.0,0.05502846299810247,0.6717267552182163,0.022770398481973434,0.0,0.0,0.0,0.056925996204933584,0.0018975332068311196,0.07400379506641366
Race-Bi-Racial/Multi-Racial,0.0,121.0,86.0,4.0,138.0,0.0,262.0,0.0,0.0,41.0,5.0,6.0,609.0,6512.0,209.0,0.0,0.0,2.0,749.0,43.0,663.0,0.0,0.012804232804232804,0.0091005291005291,0.0004232804232804233,0.014603174603174604,0.0,0.027724867724867725,0.0,0.0,0.004338624338624339,0.0005291005291005291,0.0006349206349206349,0.06444444444444444,0.6891005291005291,0.022116402116402117,0.0,0.0,0.00021164021164021165,0.07925925925925927,0.00455026455026455,0.07015873015873016
Race-Black/African American,4.0,2102.0,679.0,436.0,1020.0,15.0,5747.0,22.0,77.0,1809.0,66.0,20.0,15300.0,175433.0,5927.0,3.0,0.0,84.0,19781.0,1264.0,16177.0,1.6262410251823423e-05,0.008545896587333209,0.002760544140247026,0.001772602717448753,0.004146914614214973,6.098403844433783e-05,0.023365017929307303,8.944325638502883e-05,0.0003130513973476009,0.007354675036387143,0.00026832976915508645,8.131205125911712e-05,0.062203719213224595,0.7132408544270347,0.024096826390639356,1.2196807688867566e-05,0.0,0.0003415106152882919,0.08042168429782978,0.005138921639576201,0.06576925266093687
Race-Native Hawaiian/Pacific Islander,0.0,20.0,2.0,0.0,0.0,0.0,41.0,0.0,0.0,9.0,0.0,0.0,130.0,1067.0,36.0,0.0,0.0,1.0,101.0,14.0,92.0,0.0,0.013218770654329148,0.0013218770654329147,0.0,0.0,0.0,0.027098479841374753,0.0,0.0,0.005948446794448116,0.0,0.0,0.08592200925313946,0.70522141440846,0.023793787177792465,0.0,0.0,0.0006609385327164573,0.0667547918043622,0.009253139458030404,0.06080634500991408
Race-Other - Obsolete,0.0,63.0,6.0,19.0,44.0,0.0,50.0,8.0,0.0,0.0,0.0,0.0,188.0,1841.0,36.0,0.0,0.0,0.0,223.0,19.0,104.0,0.0,0.02422145328719723,0.002306805074971165,0.007304882737408689,0.016916570549788543,0.0,0.019223375624759707,0.0030757400999615533,0.0,0.0,0.0,0.0,0.0722798923490965,0.7078046905036525,0.01384083044982699,0.0,0.0,0.0,0.0857362552864283,0.007304882737408689,0.03998462129950019
Race-White,0.0,357.0,114.0,51.0,170.0,0.0,925.0,3.0,12.0,230.0,9.0,4.0,3175.0,25558.0,986.0,1.0,0.0,9.0,2430.0,153.0,2170.0,0.0,0.009819292020793794,0.003135572241934153,0.0014027560029705422,0.004675853343235141,0.0,0.02544214319113238,8.251505899826719e-05,0.00033006023599306875,0.006326154523200484,0.0002475451769948016,0.00011002007866435625,0.08732843743983278,0.7029732926259042,0.027119949390763815,2.750501966608906e-05,0.0,0.0002475451769948016,0.06683719778859643,0.004208268008911626,0.059685892675413264
Record Of Disability,0.0,150.0,31.0,6.0,41.0,0.0,355.0,0.0,0.0,199.0,4.0,0.0,1902.0,10166.0,331.0,0.0,0.0,7.0,1808.0,195.0,1512.0,0.0,0.00897827258035554,0.0018555096666068116,0.0003591309032142216,0.0024540611719638477,0.0,0.021248578440174776,0.0,0.0,0.011911174956605016,0.00023942060214281438,0.0,0.11384449631890824,0.6084874603459628,0.01981205482731789,0.0,0.0,0.0004189860537499252,0.10821811216855211,0.011671754354462202,0.09050098760998383
Regarded As Disabled,1.0,187.0,75.0,12.0,66.0,0.0,566.0,0.0,2.0,593.0,15.0,1.0,3193.0,15666.0,597.0,0.0,0.0,5.0,2923.0,330.0,2544.0,3.734687780101583e-05,0.006983866148789961,0.0028010158350761875,0.00044816253361219,0.002464893934867045,0.0,0.021138332835374963,0.0,7.469375560203167e-05,0.02214669853600239,0.0005602031670152375,3.734687780101583e-05,0.11924858081864356,0.5850761876307141,0.022296086047206454,0.0,0.0,0.00018673438900507918,0.10916492381236928,0.012324469674335226,0.09501045712578428
Relationship/Assn.,0.0,36.0,16.0,1.0,15.0,0.0,103.0,0.0,1.0,32.0,0.0,0.0,511.0,2852.0,88.0,0.0,0.0,1.0,416.0,15.0,374.0,0.0,0.008069939475453935,0.003586639766868415,0.00022416498542927594,0.0033624747814391394,0.0,0.02308899349921542,0.0,0.00022416498542927594,0.00717327953373683,0.0,0.0,0.11454830755436,0.639318538444295,0.019726518717776285,0.0,0.0,0.00022416498542927594,0.0932526339385788,0.0033624747814391394,0.0838377045505492
Religion-7th Day Adventist,0.0,11.0,5.0,0.0,7.0,0.0,35.0,0.0,1.0,33.0,0.0,0.0,73.0,606.0,15.0,0.0,0.0,1.0,123.0,29.0,90.0,0.0,0.010689990281827016,0.004859086491739553,0.0,0.006802721088435374,0.0,0.034013605442176874,0.0,0.0009718172983479105,0.03206997084548105,0.0,0.0,0.07094266277939747,0.5889212827988338,0.014577259475218658,0.0,0.0,0.0009718172983479105,0.119533527696793,0.028182701652089408,0.08746355685131195
Religion-Catholic,0.0,23.0,4.0,4.0,16.0,0.0,71.0,0.0,0.0,22.0,1.0,0.0,134.0,1396.0,118.0,0.0,0.0,1.0,188.0,15.0,133.0,0.0,0.010818438381937912,0.0018814675446848542,0.0018814675446848542,0.007525870178739417,0.0,0.03339604891815616,0.0,0.0,0.010348071495766699,0.00047036688617121356,0.0,0.06302916274694262,0.6566321730950141,0.055503292568203196,0.0,0.0,0.00047036688617121356,0.08842897460018814,0.0070555032925682035,0.0625587958607714
Religion-Jewish,0.0,34.0,3.0,3.0,28.0,0.0,93.0,1.0,0.0,42.0,2.0,0.0,359.0,1951.0,104.0,0.0,0.0,2.0,287.0,24.0,231.0,0.0,0.010745891276864728,0.0009481668773704172,0.0009481668773704172,0.008849557522123894,0.0,0.029393173198482933,0.0003160556257901391,0.0,0.01327433628318584,0.0006321112515802782,0.0,0.11346396965865993,0.6166245259165614,0.03286978508217446,0.0,0.0,0.0006321112515802782,0.09070796460176991,0.007585335018963337,0.07300884955752213
Religion-Muslim,0.0,76.0,34.0,11.0,62.0,1.0,172.0,2.0,6.0,145.0,5.0,0.0,626.0,4675.0,260.0,0.0,0.0,1.0,599.0,76.0,550.0,0.0,0.010409532940693056,0.004656896315573209,0.0015066429256266264,0.00849198739898644,0.00013696753869332968,0.023558416655252705,0.00027393507738665936,0.0008218052321599781,0.019860293110532803,0.0006848376934666484,0.0,0.08574167922202439,0.6403232433913163,0.035611560060265716,0.0,0.0,0.00013696753869332968,0.08204355567730448,0.010409532940693056,0.07533214628133132
Religion-Other,1.0,205.0,50.0,24.0,79.0,3.0,546.0,0.0,7.0,169.0,7.0,3.0,1259.0,13354.0,1053.0,0.0,0.0,14.0,1481.0,150.0,1128.0,5.119541289100497e-05,0.010495059642656018,0.002559770644550248,0.0012286899093841193,0.004044437618389392,0.0001535862386730149,0.02795269543848871,0.0,0.00035836789023703476,0.008652024778579839,0.00035836789023703476,0.0001535862386730149,0.06445502482977525,0.6836635437464803,0.05390876977422823,0.0,0.0,0.0007167357804740695,0.07582040649157835,0.007679311933650745,0.0577484257410536
Religion-Protestant,0.0,18.0,12.0,6.0,10.0,0.0,61.0,1.0,1.0,14.0,0.0,0.0,139.0,1648.0,84.0,0.0,0.0,0.0,191.0,26.0,146.0,0.0,0.007636826474331778,0.005091217649554518,0.002545608824777259,0.004242681374628765,0.0,0.02588035638523547,0.00042426813746287653,0.00042426813746287653,0.005939753924480272,0.0,0.0,0.05897327110733984,0.6991938905388205,0.03563852354688163,0.0,0.0,0.0,0.08103521425540942,0.01103097157403479,0.06194314806957998
Religion-Sikhs,0.0,1.0,0.0,0.0,0.0,0.0,1.0,0.0,0.0,1.0,0.0,0.0,8.0,71.0,7.0,0.0,0.0,0.0,5.0,3.0,8.0,0.0,0.009523809523809525,0.0,0.0,0.0,0.0,0.009523809523809525,0.0,0.0,0.009523809523809525,0.0,0.0,0.0761904761904762,0.6761904761904762,0.06666666666666667,0.0,0.0,0.0,0.047619047619047616,0.02857142857142857,0.0761904761904762
Retaliation,104.0,3615.0,782.0,441.0,3347.0,34.0,9779.0,46.0,176.0,3925.0,109.0,62.0,39445.0,225187.0,9210.0,14.0,0.0,121.0,29775.0,2729.0,29057.0,0.00029053687862821894,0.010098950156163572,0.0021846138373775694,0.0012319881103369668,0.009350258968929315,9.498321032076389e-05,0.027318847462551473,0.00012850669631632762,0.0004916777946016014,0.010964973544382303,0.0003045049977930372,0.0001732046776437459,0.11019449209125093,0.6290877700735841,0.02572927550159516,3.911073366149101e-05,0.0,0.0003380284837886009,0.08318014962649249,0.007623799440157784,0.0811743277144246
Schizophrenia,0.0,6.0,4.0,0.0,1.0,0.0,40.0,0.0,3.0,10.0,0.0,0.0,42.0,728.0,38.0,0.0,0.0,0.0,93.0,6.0,64.0,0.0,0.005797101449275362,0.003864734299516908,0.0,0.000966183574879227,0.0,0.03864734299516908,0.0,0.002898550724637681,0.00966183574879227,0.0,0.0,0.04057971014492753,0.7033816425120772,0.03671497584541063,0.0,0.0,0.0,0.08985507246376812,0.005797101449275362,0.06183574879227053
Sex-Female,0.0,1982.0,609.0,325.0,1462.0,18.0,5128.0,8.0,79.0,2178.0,83.0,58.0,19866.0,104078.0,4602.0,9.0,0.0,78.0,17069.0,1654.0,16129.0,0.0,0.011298919704700282,0.003471766952655132,0.0018527491947666961,0.008334520993073568,0.00010261380155630932,0.0292335319100419,4.5606134025026364e-05,0.0004503605734971354,0.012416269988313428,0.00047316364050964854,0.00033064447168144114,0.11325143231764673,0.5933244021320868,0.026234928597896418,5.130690077815466e-05,0.0,0.0004446598067440071,0.09730638770914687,0.0094290682096742,0.09194766696120628
Sex-Gender Identity/Transgender,0.0,27.0,11.0,7.0,11.0,0.0,46.0,0.0,0.0,44.0,0.0,0.0,152.0,989.0,38.0,0.0,0.0,1.0,138.0,34.0,141.0,0.0,0.01647345942647956,0.006711409395973154,0.004270896888346553,0.006711409395973154,0.0,0.028065893837705917,0.0,0.0,0.026845637583892617,0.0,0.0,0.09273947528981086,0.6034167175106773,0.023184868822452714,0.0,0.0,0.0006101281269066504,0.08419768151311775,0.020744356314826115,0.0860280658938377
Sex-Male,1.0,608.0,201.0,140.0,337.0,5.0,1706.0,6.0,22.0,481.0,18.0,15.0,4462.0,41663.0,1615.0,0.0,0.0,14.0,4853.0,342.0,4236.0,1.6467682173734046e-05,0.0100123507616303,0.0033100041169205436,0.0023054755043227667,0.005549608892548374,8.233841086867023e-05,0.028093865788390283,9.880609304240428e-05,0.00036228900782214903,0.007920955125566077,0.00029641827912721283,0.0002470152326060107,0.07347879785920132,0.6860930424042816,0.026595306710580486,0.0,0.0,0.00023054755043227666,0.07991766158913133,0.005631947303417044,0.06975710168793742
Sex-Pregnancy,0.0,297.0,237.0,100.0,274.0,2.0,970.0,5.0,22.0,462.0,22.0,10.0,3407.0,20270.0,918.0,1.0,0.0,21.0,4495.0,477.0,3686.0,0.0,0.008324924318869829,0.006643121426168853,0.0028030048211682922,0.007680233210001121,5.606009642336585e-05,0.027189146765332437,0.00014015024105841462,0.0006166610606570243,0.01294988227379751,0.0006166610606570243,0.00028030048211682924,0.09549837425720373,0.5681690772508129,0.025731584258324926,2.8030048211682924e-05,0.0,0.0005886310124453414,0.12599506671151475,0.013370332996972755,0.10331875770826326
Sex-Sexual Orientation,0.0,101.0,68.0,28.0,38.0,0.0,247.0,0.0,3.0,65.0,3.0,1.0,759.0,5197.0,156.0,0.0,0.0,1.0,641.0,56.0,661.0,0.0,0.012585669781931465,0.008473520249221184,0.003489096573208723,0.004735202492211838,0.0,0.030778816199376946,0.0,0.00037383177570093456,0.00809968847352025,0.00037383177570093456,0.00012461059190031152,0.09457943925233644,0.647601246105919,0.0194392523364486,0.0,0.0,0.00012461059190031152,0.07987538940809968,0.006978193146417446,0.08236760124610593
Sexual Orientation,0.0,0.0,0.0,0.0,0.0,0.0,0.0,0.0,0.0,0.0,0.0,0.0,4.0,0.0,0.0,0.0,0.0,0.0,0.0,0.0,0.0,0.0,0.0,0.0,0.0,0.0,0.0,0.0,0.0,0.0,0.0,0.0,0.0,1.0,0.0,0.0,0.0,0.0,0.0,0.0,0.0,0.0
Speech Impairment,0.0,18.0,4.0,0.0,6.0,0.0,37.0,0.0,0.0,13.0,1.0,0.0,88.0,643.0,37.0,0.0,0.0,0.0,113.0,10.0,73.0,0.0,0.01725790987535954,0.003835091083413231,0.0,0.005752636625119847,0.0,0.03547459252157239,0.0,0.0,0.012464046021093002,0.0009587727708533077,0.0,0.08437200383509108,0.6164908916586769,0.03547459252157239,0.0,0.0,0.0,0.10834132310642378,0.009587727708533078,0.06999041227229147
Tuberculosis,0.0,0.0,0.0,0.0,0.0,0.0,2.0,0.0,0.0,0.0,0.0,0.0,1.0,34.0,4.0,0.0,0.0,0.0,4.0,1.0,7.0,0.0,0.0,0.0,0.0,0.0,0.0,0.03773584905660377,0.0,0.0,0.0,0.0,0.0,0.018867924528301886,0.6415094339622641,0.07547169811320754,0.0,0.0,0.0,0.07547169811320754,0.018867924528301886,0.1320754716981132
Vision Impairment,0.0,48.0,9.0,10.0,36.0,0.0,139.0,0.0,0.0,80.0,1.0,1.0,415.0,3104.0,159.0,0.0,0.0,1.0,532.0,69.0,446.0,0.0,0.009504950495049505,0.0017821782178217822,0.0019801980198019802,0.007128712871287129,0.0,0.027524752475247525,0.0,0.0,0.015841584158415842,0.00019801980198019803,0.00019801980198019803,0.08217821782178218,0.6146534653465346,0.031485148514851485,0.0,0.0,0.00019801980198019803,0.10534653465346534,0.013663366336633663,0.08831683168316831
